1.047192036683039618e+00,9.215272218498594681e-01,7.958688797859786446e-01,6.702115297262302152e-01,5.445489018427801531e-01,4.188805277545116224e-01,2.932114597554137392e-01,1.675466386988034573e-01,4.188636460675522477e-02,-8.377319145956024782e-02,-2.094358351887748160e-01,-3.351018612606727065e-01,-4.607683298984102116e-01,-5.864325112718282718e-01,-7.120948680402500175e-01,-8.377582497243586390e-01,-9.634237658762684342e-01,-1.089087966339074010e+00,-1.214746050695113766e+00,-1.340400040589975639e+00,-1.466063009103262038e+00,-1.591749215546060414e+00,-1.717452013228558005e+00,-1.843128912215993731e+00,-1.968696806114663467e+00,-3.527243407672676065e-10,9.214135638747629198e-01,7.958828426959023705e-01,6.702411257531804001e-01,5.445573083476080711e-01,4.188744388468414459e-01,2.932072933731389441e-01,1.675490709789889121e-01,4.188992723527681927e-02,-8.377294677568111747e-02,-2.094374910021179204e-01,-3.351023398724343738e-01,-4.607681916939570521e-01,-5.864350715711933448e-01,-7.121001458615652258e-01,-8.377587058619113680e-01,-9.634009459301565714e-01,2.052461402250643996e+00,1.926839516967927990e+00,1.801180380771505218e+00,1.675516062237521364e+00,1.549853237032205122e+00,1.424192587483535721e+00,1.298529750648418579e+00,1.172861732980805094e+00,1.047192036683037841e+00
9.459513513415588326e-01,8.268764396828386376e-01,7.054305145622187245e-01,5.824585776774445778e-01,4.585057060787490202e-01,3.339210415025450907e-01,2.089236489364429128e-01,8.364303147354827661e-02,-4.185450687988902241e-02,-1.675466386974877597e-01,-2.934416995141562734e-01,-4.195734085976548511e-01,-5.460053419671903052e-01,-6.728445296036765777e-01,-8.002627686773334803e-01,-9.285282906178693452e-01,-1.058060693867237001e+00,-1.189538780096343507e+00,-1.324118903506572797e+00,-1.463884652635928152e+00,-1.612829567145218190e+00,-1.779258427270031140e+00,-1.982641794369943922e+00,-2.277254720169201274e+00,-2.838277089299871658e+00,2.443633892923420703e+00,1.753184265168337141e+00,1.408977256524432287e+00,1.182977134026043320e+00,1.001720789501656439e+00,8.407252065193850932e-01,6.905081766537547461e-01,5.471635213327459279e-01,4.092415684904577300e-01,2.765984193680535164e-01,1.500250513173607414e-01,3.133977432150769626e-02,-7.598475028108750418e-02,-1.651000281767194267e-01,-2.209894933189423816e-01,-2.050740651746972287e-01,-9.799994971519812634e-12,6.298497242957060704e-01,1.220538170057873684e+00,1.400744471382874723e+00,1.410710387878896688e+00,1.355890029420578458e+00,1.271335875742013455e+00,1.170974701641876115e+00,1.061344210183609471e+00,9.459513513415558350e-01
8.442140929102163183e-01,7.320460276373773612e-01,6.149892369698751748e-01,4.948061662335129229e-01,3.726283958964030640e-01,2.491717456256371532e-01,1.248766933528066697e-01,6.969835803025861532e-13,-1.253256531534617524e-01,-2.510532252998349811e-01,-3.771995236574964272e-01,-5.038394067248872510e-01,-6.311159302696670581e-01,-7.592657784949149447e-01,-8.886614347009446080e-01,-1.019880207426890451e+00,-1.153828152849749156e+00,-1.291978405281101416e+00,-1.436844689244899387e+00,-1.592955561918534269e+00,-1.768980264460890517e+00,-1.982713033292703653e+00,-2.273045612257288628e+00,-2.719598459453517414e+00,2.907043657129357861e+00,2.277254720171119295e+00,1.862073678664742715e+00,1.586525940530550294e+00,1.377546952662227930e+00,1.200761676089669105e+00,1.040720856199021105e+00,8.903480819468125862e-01,7.465199814073736340e-01,6.081706721145809791e-01,4.754710103381256658e-01,3.495394519721419235e-01,2.325113622658369350e-01,1.280012626826368405e-01,4.222646111701576499e-02,-1.347817633318565932e-02,-1.705501045456492976e-02,7.507522276329250954e-02,3.277573902863277211e-01,7.121001458564398812e-01,1.009072461524610720e+00,1.136639192119827113e+00,1.154972510355514626e+00,1.114483499877184425e+00,1.041289920491397680e+00,9.487511689275859306e-01,8.442140929102137648e-01
7.414140799574276963e-01,6.368499102498632602e-01,5.245723059333035065e-01,4.074062139039332786e-01,2.871460298704772707e-01,1.649131275387391571e-01,4.138816582534245864e-02,-8.303705853381117274e-02,-2.081625107992009227e-01,-3.339210415011273358e-01,-4.603485917327893029e-01,-5.875792461302069558e-01,-7.158630036864017665e-01,-8.456060175080091224e-01,-9.774391373571643671e-01,-1.112335306417501890e+00,-1.251824155228613789e+00,-1.398402976911297335e+00,-1.556348028900250702e+00,-1.733370833557214885e+00,-1.944103514880228145e+00,-2.217128837684648079e+00,-2.603234423806546793e+00,-3.141592653588002992e+00,2.564711801399079949e+00,2.123365219703710505e+00,1.818206239100790711e+00,1.591749215547028307e+00,1.406465665684242916e+00,1.242997435618081070e+00,1.091608247755966543e+00,9.474601100202970638e-01,8.083189529457799338e-01,6.734424073522673471e-01,5.430541685427230369e-01,4.181439564515127549e-01,3.004962052542753947e-01,1.929530155723430951e-01,1.000223792716884857e-01,2.910837173416241583e-02,-7.098529160839775649e-03,1.347817632773124115e-02,1.251690384736763029e-01,3.531613878994721567e-01,6.365017108459635198e-01,8.455477809421968471e-01,9.393505024110904156e-01,9.489250596149527706e-01,9.069533942539139693e-01,8.338233740495857305e-01,7.414140799574261420e-01
6.368550689575404045e-01,5.411060624917396478e-01,4.342818063398557471e-01,3.205267373134891296e-01,2.024321856096474859e-01,8.159353340642906682e-02,-4.103505650146344746e-02,-1.649131275372584249e-01,-2.897722599307281932e-01,-4.155341942354546791e-01,-5.422728818754422031e-01,-6.702115297247271952e-01,-7.997502652268569934e-01,-9.315256211745328585e-01,-1.066514630252712648e+00,-1.206219085127929302e+00,-1.353006536673563520e+00,-1.510761598411056061e+00,-1.686158525224786597e+00,-1.891173657255859952e+00,-2.147743417064787330e+00,-2.492954435826063353e+00,-2.962358863414279231e+00,2.781103878682906760e+00,2.318629978559427318e+00,1.982713033294615235e+00,1.735508446405735761e+00,1.538862759056276230e+00,1.370108712872826873e+00,1.216924014864949610e+00,1.072703564158821177e+00,9.339831339924369313e-01,7.990864174815874854e-01,6.674206111881817449e-01,5.391262245010184362e-01,4.149383258362567828e-01,2.961983911996043939e-01,1.850116325756188673e-01,8.460189756146527240e-02,-1.003851276680385444e-12,-6.066674456807515797e-02,-8.390118116156788930e-02,-4.782745734087781586e-02,7.598475027694605310e-02,2.936110438290222557e-01,5.343671083739006678e-01,7.001529084132800396e-01,7.684229401728660536e-01,7.645703050368368725e-01,7.149100937682590917e-01,6.368550689575390722e-01
5.296316241694939420e-01,4.446715895187207113e-01,3.443881215113372973e-01,2.346792692909075162e-01,1.191562372261976838e-01,7.781896496571005559e-13,-1.215088502409452237e-01,-2.446606306745723325e-01,-3.691180228396009344e-01,-4.948061662319613307e-01,-6.218652409637134282e-01,-7.506502782741601987e-01,-8.817715873307948593e-01,-1.016180228113956474e+00,-1.155322092650751697e+00,-1.301417682456575298e+00,-1.457983590758288761e+00,-1.630820999218980827e+00,-1.829889997865287388e+00,-2.072639100728459916e+00,-2.387901747574414646e+00,-2.808088357200242857e+00,2.969471357324655614e+00,2.492954435829543236e+00,2.125586791653428342e+00,1.853563730163380940e+00,1.641383959143318583e+00,1.463884652637223338e+00,1.306302811897226857e+00,1.160270176043674883e+00,1.021092599713865567e+00,8.862030063997557994e-01,7.543005783210526838e-01,6.248785254956007451e-01,4.979811669877345914e-01,3.741061330429122922e-01,2.542110023845097211e-01,1.398162203409714643e-01,3.323109846790080896e-02,-6.201943188615146457e-02,-1.404052630170244120e-01,-1.929530155743366671e-01,-2.048590646333997844e-01,-1.530744600237212705e-01,-1.208574851576600488e-02,2.094374910007349433e-01,4.287610621428047941e-01,5.643620857630078369e-01,6.091833473709643565e-01,5.896625186211845726e-01,5.296316241694930538e-01
4.185254873818401444e-01,3.475409852465963234e-01,2.555301130328547221e-01,1.508768030103428415e-01,3.857996804829760124e-02,-7.841527836522670103e-02,-1.984204523924429087e-01,-3.205267373118851348e-01,-4.443280733972658769e-01,-5.697738709143093105e-01,-6.971089230271465542e-01,-8.268764396811085771e-01,-9.599755457137776338e-01,-1.097783651735037225e+00,-1.242383613111196716e+00,-1.396983879563691744e+00,-1.566702034188062198e+00,-1.760016882952434525e+00,-1.991299447420061597e+00,-2.283996417295141246e+00,-2.667413746978582800e+00,-3.141592653587169437e+00,2.659189202291214471e+00,2.262900933876079268e+00,1.964079016807569023e+00,1.733370833559112700e+00,1.544261011823371277e+00,1.379851149170277402e+00,1.230093403625368120e+00,1.089087966340175795e+00,9.534067040253964009e-01,8.211111143820490899e-01,6.911780003610533685e-01,5.631701804238542497e-01,4.370620951342157889e-01,3.131685575411118361e-01,1.921485441438543773e-01,7.507584892063173809e-02,-3.640876347703501936e-02,-1.398162203413813587e-01,-2.312947528277613518e-01,-3.046798492376053269e-01,-3.497671048681325612e-01,-3.495394519740617767e-01,-2.781375494229961776e-01,-1.120013555731113192e-01,1.220147055708436512e-01,3.254616309482464831e-01,4.332346858208362961e-01,4.545341775224536751e-01,4.185254873818388677e-01
3.018847608720537923e-01,2.501132614456628711e-01,1.691694378201016868e-01,7.118749775753362152e-02,-3.682738974963139372e-02,-1.508768030086728162e-01,-2.687377273877038508e-01,-3.892575882040318902e-01,-5.119613153895723467e-01,-6.368499102481055552e-01,-7.643214785096400510e-01,-8.951779323836674962e-01,-1.030707191058867211e+00,-1.172861732978677463e+00,-1.324598854402051717e+00,-1.490517446346207864e+00,-1.678033657860201311e+00,-1.899435788458009533e+00,-2.174693234302031986e+00,-2.530788811414919515e+00,-2.979078152114223332e+00,2.820151901498119784e+00,2.398317737475500255e+00,2.072639100731517914e+00,1.822089482577053499e+00,1.619740800587025520e+00,1.446890513391793087e+00,1.291978405282534048e+00,1.147986942709761760e+00,1.010671516477527510e+00,8.774952877491630776e-01,7.469848395523234208e-01,6.183359871536863173e-01,4.911784951370676833e-01,3.654478005287661868e-01,2.413311716062745138e-01,1.192684223086457745e-01,2.022123761862576884e-13,-1.153289998138312816e-01,-2.249781785230737519e-01,-3.262669410762994993e-01,-4.149383258366686755e-01,-4.839646100918478799e-01,-5.213425638610814650e-01,-5.065989995469372120e-01,-4.092415684920076013e-01,-2.090112118264115249e-01,4.028766634673549424e-02,2.251649198379396810e-01,3.039188519531973443e-01,3.018847608720530706e-01
1.775459645769960071e-01,1.539337077555491540e-01,8.869166436404236908e-02,8.867022980847400957e-13,-1.020403922808777453e-01,-2.118915815795947843e-01,-3.265913620416386332e-01,-4.446715895169348065e-01,-5.655820041931470810e-01,-6.894050564638206646e-01,-8.167472454884263655e-01,-9.487511689255099245e-01,-1.087218101445014407e+00,-1.234880905597202982e+00,-1.395935917140285865e+00,-1.577045244248768574e+00,-1.789139819750120042e+00,-2.050152107537174029e+00,-2.386154018196756432e+00,-2.816658874357549358e+00,2.978269359250437009e+00,2.530788811420366713e+00,2.178369528838322911e+00,1.908137503946146341e+00,1.692460596345057189e+00,1.510761598412948548e+00,1.350094063141988876e+00,1.202482518950461099e+00,1.062982420002761330e+00,9.285282906191266727e-01,7.972463007199316332e-01,6.680252483800881436e-01,5.402428367139542331e-01,4.135960501199553163e-01,2.880060900492549258e-01,1.635771044182469380e-01,4.059420349563435532e-02,-8.044539966248052953e-02,-1.987627888875224680e-01,-3.131685575407031630e-01,-4.218303761873063440e-01,-5.218474316193575380e-01,-6.084485116656987991e-01,-6.734424073526921184e-01,-7.022624449297149019e-01,-6.692389272234131603e-01,-5.369879404035851067e-01,-2.932072933733518849e-01,-3.153825197665532931e-02,1.285931212647922484e-01,1.775459645769962014e-01
4.296058693795007377e-02,6.383006091685916594e-02,2.227768729378258247e-02,-5.287135809244356693e-02,-1.463199245594406506e-01,-2.501132614438330015e-01,-3.601962824146513475e-01,-4.746555910463100547e-01,-5.928341701117711970e-01,-7.149100937662445920e-01,-8.417409648991998061e-01,-9.748881219037280887e-01,-1.116814659844842295e+00,-1.271335875739266763e+00,-1.444519733552222629e+00,-1.646408328312786384e+00,-1.893999929812430594e+00,-2.214380456924555762e+00,-2.636555133278258634e+00,-3.141592653585339789e+00,2.658677171519353788e+00,2.276402588329863974e+00,1.987341758329735697e+00,1.760016882955208972e+00,1.570745127568699440e+00,1.405004265476406999e+00,1.254014750133335632e+00,1.112335306419011793e+00,9.765286045845786855e-01,8.444207070637761436e-01,7.146598269685582316e-01,5.864325112730101042e-01,4.592749389710719110e-01,3.329518991766248770e-01,2.073875939846292482e-01,8.263495510931791188e-02,-4.112755414782129360e-02,-1.635771044174137989e-01,-2.842022636964961491e-01,-4.022188610421568722e-01,-5.164164325790124854e-01,-6.248785254951776391e-01,-7.244602731060348910e-01,-8.097712275407815685e-01,-8.711178503607874823e-01,-8.903480819472547880e-01,-8.338724714200885790e-01,-6.536911284833997193e-01,-3.550659294604899263e-01,-8.736709501166939340e-02,4.296058693795187094e-02
-1.041896794129882342e-01,-5.254630668702138518e-03,-8.738006134781968123e-03,-6.383006091495753431e-02,-1.452405455812840473e-01,-2.408318759776440221e-01,-3.448003941513208548e-01,-4.545341775205366530e-01,-5.691614028331442032e-01,-6.888986503163643249e-01,-8.148226629622209449e-01,-9.489250596126582726e-01,-1.094459888026526162e+00,-1.256758237364466124e+00,-1.444953761213819687e+00,-1.675516062232777603e+00,-1.978451241191782728e+00,-2.399155265178845475e+00,-2.948614263623537735e+00,2.782653609567039332e+00,2.357442238338519402e+00,2.050152107541874713e+00,1.815229330826103382e+00,1.622168128519552166e+00,1.454067497551635446e+00,1.301417682458466007e+00,1.158560360025213676e+00,1.021959674476492275e+00,8.893470618550414208e-01,7.592657784962686396e-01,6.307997414895955002e-01,5.033934438482929874e-01,3.767268576773661892e-01,2.506327847714732160e-01,1.250494710133631393e-01,5.327270832259776950e-13,-1.244102361218151764e-01,-2.479829492629700982e-01,-3.704012396447323163e-01,-4.911784951362193063e-01,-6.095624578066844990e-01,-7.243601349775905529e-01,-8.336148938590096646e-01,-9.339831339919851816e-01,-1.019455458229142186e+00,-1.078577778329412373e+00,-1.088249150266032084e+00,-1.001720789502036579e+00,-7.500577936124971368e-01,-3.738871046168927847e-01,-1.041896794129863191e-01
-2.646366441503578693e-01,1.016095956909188399e-12,5.880254543774006415e-02,2.893999806276502385e-02,-4.017229352745378679e-02,-1.285931212630832543e-01,-2.277944436117734228e-01,-3.341324781288025347e-01,-4.463113844077077341e-01,-5.643620857614133346e-01,-6.893106643291907476e-01,-8.232798192827200934e-01,-9.700701092366923461e-01,-1.136639192117521402e+00,-1.336752530014854612e+00,-1.600443157294862973e+00,-1.996731444130327437e+00,-2.633149377325022744e+00,2.911624930951098200e+00,2.399155265188751773e+00,2.075644307342551897e+00,1.842935953735630017e+00,1.654698797308579605e+00,1.490517446348790243e+00,1.340476796815941452e+00,1.199215723831237090e+00,1.063563979620758104e+00,9.315256211760949423e-01,8.018040449832509742e-01,6.735575769225382592e-01,5.462546328274713314e-01,4.195734085989403228e-01,2.933281623840900965e-01,1.674192997499948099e-01,4.180572710359328759e-02,-8.350571375405423102e-02,-2.084606568623300349e-01,-3.329518991755501811e-01,-4.568072452169082420e-01,-5.797633640161213853e-01,-7.014135495422436639e-01,-8.211111143811606894e-01,-9.377941289855478146e-01,-1.049652949370254218e+00,-1.153448923170300677e+00,-1.242997435617585023e+00,-1.305473919901883217e+00,-1.311492129549268304e+00,-1.187952549341595665e+00,-7.958828426954764890e-01,-2.646366441503472111e-01
-4.357201091781370828e-01,3.491906028871620826e-01,4.244908223556014826e-01,3.738871046179738089e-01,2.864420449292925941e-01,1.840547253559763619e-01,7.417969016183480202e-02,-4.028766634631741894e-02,-1.582628292823807237e-01,-2.795481015264707492e-01,-4.045542855031352691e-01,-5.343671083743062322e-01,-6.711985279463373866e-01,-8.197066751251631533e-01,-9.911647197801162212e-01,-1.220538170058355965e+00,-1.677329813851769380e+00,-3.141592653565364657e+00,2.300121895957277562e+00,2.001917497122393641e+00,1.807325118950967369e+00,1.646408328316640857e+00,1.500378048446039392e+00,1.362178674349772578e+00,1.228556642154087442e+00,1.097783651736926158e+00,9.688421869545514875e-01,8.410871310097558506e-01,7.140926359244890165e-01,5.875792461316273751e-01,4.613724531945870844e-01,3.353701523823189312e-01,2.095146679517329857e-01,8.377319146082436163e-02,-4.187101964319489555e-02,-1.674192997487839452e-01,-2.928553220253558020e-01,-4.181435714303721740e-01,-5.432278711280086325e-01,-6.680252483789798079e-01,-7.924090024562585599e-01,-9.161754920379808764e-01,-1.038987094410212864e+00,-1.160270176042701440e+00,-1.279007549453818449e+00,-1.393264683232194878e+00,-1.498993669954200136e+00,-1.586525940529934786e+00,-1.627205039907440254e+00,-1.493782028774584214e+00,-4.357201091781063296e-01
2.530164930619270613e+00,1.493782028774677251e+00,1.167288985534091772e+00,9.665854783173492004e-01,8.026635668739895424e-01,6.536911284828743618e-01,5.122355759657475360e-01,3.753868988244701277e-01,2.420426824334374061e-01,1.120013555713569309e-01,-1.432145691558751356e-02,-1.358374460862428190e-01,-2.503365838954073608e-01,-3.531613879046772708e-01,-4.330336567703951256e-01,-4.549800802310942083e-01,-2.494961710263547683e-01,9.634009459076858795e-01,1.553560040541722920e+00,1.600443157300029506e+00,1.543705702654255552e+00,1.453296515574791670e+00,1.348006075451599228e+00,1.234880905599629042e+00,1.117167862320261662e+00,9.966016373126280747e-01,8.742128291464281720e-01,7.506502782757623615e-01,6.263295305164821025e-01,5.015177950286876518e-01,3.763884439500053691e-01,2.510532253011992787e-01,1.255793088543716574e-01,6.544095838386649542e-13,-1.256754250930186001e-01,-2.514529022658642532e-01,-3.773490579629658059e-01,-5.033934438470553108e-01,-6.296369357543997181e-01,-7.561637441634708745e-01,-8.831065854320944153e-01,-1.010671516476337572e+00,-1.139189258004817740e+00,-1.269223542428320473e+00,-1.401794857438968478e+00,-1.538862759055106721e+00,-1.684502946375768140e+00,-1.848371919485490178e+00,-2.059045690326183120e+00,-2.443633892921497797e+00,2.530164930619225316e+00
2.359077284808872133e+00,1.843128912216853044e+00,1.532991019568862967e+00,1.311492129549340913e+00,1.129245664903660185e+00,9.663320806712523137e-01,8.142173021182124160e-01,6.692389272223885355e-01,5.300915634112223218e-01,3.968105312113053285e-01,2.704300387860062438e-01,1.530744600207635531e-01,4.853957773917760843e-02,-3.622067188009508304e-02,-8.743836895513107388e-02,-7.507522277272025979e-02,6.988884683006245380e-02,4.549800802179421733e-01,9.420665668095363765e-01,1.203204963126340843e+00,1.275378831451828843e+00,1.256758237367398445e+00,1.193677793435514944e+00,1.106542023600933788e+00,1.005254424713631467e+00,8.951779323855556525e-01,7.794952305045941277e-01,6.602096057813825469e-01,5.386120516966266258e-01,4.155341942369320529e-01,2.915051500953489416e-01,1.668531166473740945e-01,4.177058990001655814e-02,-8.364303147219422085e-02,-2.093527134487533636e-01,-3.353701523809929919e-01,-4.617480629207677545e-01,-5.885872654797900116e-01,-7.160559068360808910e-01,-8.444207070624668576e-01,-9.740963343839661448e-01,-1.105732897513794111e+00,-1.240385219179721776e+00,-1.379851149168901392e+00,-1.527368026545658619e+00,-1.689138320994106213e+00,-1.878009741329295323e+00,-2.123365219701793372e+00,-2.498255098158190357e+00,-3.141592653588304973e+00,2.359077284808862807e+00
2.198621392145076126e+00,1.848371919486712756e+00,1.600502009819666727e+00,1.404232999364736223e+00,1.234303113302825272e+00,1.078577778329485648e+00,9.312358120886539137e-01,7.896484450181879833e-01,6.529418366321845246e-01,5.213425638600039935e-01,3.959369529116629760e-01,2.787170217370490977e-01,1.729299095272640030e-01,8.390118115823536060e-02,2.076611941250505050e-02,-2.800642220432800343e-12,5.161055609330949395e-02,2.209894933111289927e-01,5.191217220442027047e-01,8.197066751242051419e-01,9.935759976056744991e-01,1.049531048182177129e+00,1.033136340667135666e+00,9.748881219059878367e-01,8.916701678543630383e-01,7.929865702543091865e-01,6.845053825358320410e-01,5.697738709159516635e-01,4.510616884376420499e-01,3.298191965228394196e-01,2.069585190974751743e-01,8.303705853524544211e-02,-4.162222580201858924e-02,-1.668531166459760184e-01,-2.925976974930610819e-01,-4.188805277531270077e-01,-5.458031083233324532e-01,-6.735575769211508135e-01,-8.024590912868875270e-01,-9.330002920775839481e-01,-1.065942712871201348e+00,-1.202482518948986057e+00,-1.344568381703026283e+00,-1.495530845087891691e+00,-1.661374417442743390e+00,-1.853563730161480239e+00,-2.095217307470657264e+00,-2.433091722279602909e+00,-2.936106617408730912e+00,2.719598459456473272e+00,2.198621392145065467e+00
2.051457001263138569e+00,1.779258427271437348e+00,1.569461328996685223e+00,1.393264683233046863e+00,1.235387338098027143e+00,1.087869208267626675e+00,9.466385674086004176e-01,8.097712275408575078e-01,6.766128275880542997e-01,5.473521015298228320e-01,4.228544466770543520e-01,3.046798492365345168e-01,1.952839235889938518e-01,9.847696596218578902e-02,2.032981562818108462e-02,-2.910837173754931770e-02,-3.283752739601021597e-02,3.622067187510599057e-02,2.070647207680840485e-01,4.607681916914391218e-01,6.923452243111505311e-01,8.232798192844309471e-01,8.610156420127778043e-01,8.370307436190477235e-01,7.749907589175697442e-01,6.894050564657085989e-01,5.890569996883409098e-01,4.793999048282753250e-01,3.638772837874973964e-01,2.446606306761065497e-01,1.230974790285282311e-01,7.353026545742328771e-13,-1.241677815202869711e-01,-2.491717456241897000e-01,-3.749377419223490771e-01,-5.015177950272398100e-01,-6.290860326500968824e-01,-7.579610950369689570e-01,-8.886553275792099527e-01,-1.021959674474956170e+00,-1.159091646879534254e+00,-1.301967643179488210e+00,-1.453723883900430947e+00,-1.619740800585134144e+00,-1.809710100614899009e+00,-2.041792035847679099e+00,-2.349587095004944892e+00,-2.781103878679252350e+00,2.952110698363351826e+00,2.433091722282361147e+00,2.051457001263131907e+00
1.916855797676245476e+00,1.689138320995610343e+00,1.503042054795074689e+00,1.340400040591026798e+00,1.191118268833639471e+00,1.049652949370996735e+00,9.130315233221864002e-01,7.797813996677021020e-01,6.493565934565351805e-01,5.218474316194275930e-01,3.978644269637313657e-01,2.785468371575143820e-01,1.656887045527510871e-01,6.201943188508273613e-02,-2.825964047942176177e-02,-9.847696596418793746e-02,-1.376983950725933492e-01,-1.280012626858426372e-01,-4.332797086717393026e-02,1.358374460833492448e-01,3.727593837266566235e-01,5.689028592131161188e-01,6.699866931356855959e-01,6.888986503183959220e-01,6.532639012807620604e-01,5.836438122078294599e-01,4.929806015690613163e-01,3.892575882057177084e-01,2.774268710194795484e-01,1.605545172871388759e-01,4.051129814891673425e-02,-8.159353340491438955e-02,-2.051379821410319881e-01,-3.298191965213360666e-01,-4.555584216775550033e-01,-5.824585776759180211e-01,-7.108026132888354276e-01,-8.410871310081743379e-01,-9.740938227668781701e-01,-1.111016326077863381e+00,-1.253687855134198559e+00,-1.405004265474517178e+00,-1.569729915407704901e+00,-1.756054882216352420e+00,-1.978552917073887585e+00,-2.262900933872829423e+00,-2.646480727555920787e+00,-3.141592653587654382e+00,2.628587018397394282e+00,2.217128837687234011e+00,1.916855797676240147e+00
1.792507089143912546e+00,1.592955561920099017e+00,1.422570262783396711e+00,1.269223542429498863e+00,1.125913561121959283e+00,9.886387725768850387e-01,8.551719151642587224e-01,7.243601349782781140e-01,5.957322131018507605e-01,4.692935241725567086e-01,3.454429702882614306e-01,2.249781785231384224e-01,1.091805757238954316e-01,-2.037059764566691697e-13,-9.960068329010861310e-02,-1.850116325766881786e-01,-2.488105354060728136e-01,-2.787170217390189109e-01,-2.547801684584228843e-01,-1.500250513198699842e-01,4.692366482692159058e-02,2.795481015265141034e-01,4.500444512011096410e-01,5.243902335256512837e-01,5.236218843857034511e-01,4.746555910481944918e-01,3.961830063891664810e-01,2.997658058480851540e-01,1.924276460012802892e-01,7.841527836683249986e-02,-3.973612641468876605e-02,-1.605545172855731562e-01,-2.832351243240633365e-01,-4.074062139023574836e-01,-5.330020315673728026e-01,-6.602096057797612882e-01,-7.894701258590463011e-01,-9.215272218481431743e-01,-1.057529143409352779e+00,-1.199215723829349267e+00,-1.349261305943354472e+00,-1.511914739825521714e+00,-1.694202308210092323e+00,-1.908137503943249325e+00,-2.174207804103121866e+00,-2.522905031736409676e+00,-2.974468917911194055e+00,2.808088357204706842e+00,2.371873981124618336e+00,2.041792035850130915e+00,1.792507089143907439e+00
1.675867174011817395e+00,1.495530845089494409e+00,1.336214221307364225e+00,1.189538780097609827e+00,1.050508087863088802e+00,9.161754920390322576e-01,7.848510053822737031e-01,6.556266782364047474e-01,5.280988416264282836e-01,4.022188610428188982e-01,2.782314337476257116e-01,1.566768680647525336e-01,3.844961702679252497e-02,-7.507584892056722026e-02,-1.818137846726114726e-01,-2.785468371579229441e-01,-3.601491526449125957e-01,-4.181439564525882280e-01,-4.381750841662401807e-01,-3.968105312131103846e-01,-2.647368155306177862e-01,-4.188992723598481543e-02,1.891821641625381356e-01,3.341324781304222391e-01,3.816286699558185114e-01,3.610200842642716790e-01,2.988090073285834536e-01,2.118915815813402492e-01,1.103210526381398077e-01,8.263898193539734893e-13,-1.156454741536869363e-01,-2.346792692892744614e-01,-3.560775410278034792e-01,-4.793999048266137097e-01,-6.046178085242829292e-01,-7.320460276356348661e-01,-8.623474506880657309e-01,-9.966016373107406956e-01,-1.136452053955399721e+00,-1.284383134614368593e+00,-1.444236162662531520e+00,-1.622168128516883190e+00,-1.828388766769915241e+00,-2.079932860513621140e+00,-2.402672148423189213e+00,-2.820151901492566004e+00,2.977686912991446722e+00,2.522905031740725779e+00,2.163795244962704256e+00,1.891173657258224949e+00,1.675867174011813621e+00
1.564769417826485265e+00,1.398402976912931805e+00,1.247354483530052738e+00,1.105732897515121937e+00,9.699285644516808524e-01,8.377582497255022798e-01,7.079397134703683259e-01,5.797633640171145908e-01,4.528924980243143050e-01,3.272528267303421168e-01,2.029853107767509990e-01,8.044539966313334067e-02,-3.975796515270042103e-02,-1.566768680643447487e-01,-2.688673674069906316e-01,-3.741061330428449572e-01,-4.688696182526349565e-01,-5.473521015302373893e-01,-5.995981331997523034e-01,-6.081706721156521223e-01,-5.442408205445350422e-01,-3.753868988255116279e-01,-1.210906731697310307e-01,1.040902829094877829e-01,2.201295321737930522e-01,2.408318759795244068e-01,2.016852011704633740e-01,1.278515360486104091e-01,3.410303102247830287e-02,-7.118749775581896533e-02,-1.833304700007563348e-01,-2.997658058463739672e-01,-4.191946819178619110e-01,-5.411060624899708404e-01,-6.655382079656124716e-01,-7.929865702524216964e-01,-9.244127738736319655e-01,-1.061344210181509373e+00,-1.206093079353700581e+00,-1.362178674347271912e+00,-1.535120616221036682e+00,-1.733887682980298495e+00,-1.973292960674348562e+00,-2.276402588324755616e+00,-2.668732353701867677e+00,-3.141592653586488648e+00,2.670935584309993338e+00,2.283996417299198001e+00,1.987848285750067223e+00,1.756054882218650359e+00,1.564769417826481934e+00
1.457553348831509332e+00,1.301967643181144219e+00,1.157455624224217772e+00,1.019880207428268015e+00,8.866493066820890778e-01,7.561637441646822388e-01,6.274674485038739258e-01,5.000196411563250232e-01,3.735511493996660493e-01,2.479829492639408772e-01,1.233903158474220774e-01,4.170211355953091773e-13,-1.217853361541204049e-01,-2.413311716056180667e-01,-3.576663860275196560e-01,-4.692935241721403195e-01,-5.738425368242702218e-01,-6.674206111881088033e-01,-7.433472743814460992e-01,-7.896484450186205262e-01,-7.843957637242370273e-01,-6.905081766546378175e-01,-4.724371721638784827e-01,-1.840547253552275719e-01,2.709539360419916873e-02,1.116964126813424496e-01,1.075698702566883769e-01,5.287135809428378241e-02,-2.971343175729412520e-02,-1.278515360468241990e-01,-2.349441985761379081e-01,-3.475409852447921555e-01,-4.639730564885021225e-01,-5.836438122059448563e-01,-7.066842297379962723e-01,-8.338233740475387012e-01,-9.664050966280673949e-01,-1.106542023598588109e+00,-1.257462238480393069e+00,-1.424192587480600070e+00,-1.614852194713514377e+00,-1.842935953731354548e+00,-2.130328785901002497e+00,-2.505471574181872718e+00,-2.974434522554960658e+00,2.816658874364707188e+00,2.399533448923655943e+00,2.079932860517400783e+00,1.832471545585250938e+00,1.630820999221232359e+00,1.457553348831506002e+00
1.352993774338240751e+00,1.206219085129605739e+00,1.067161563424906534e+00,9.330002920790003706e-01,8.019365090514926075e-01,6.728445296049452296e-01,5.450437096173146312e-01,4.181435714315347441e-01,2.919429221936175045e-01,1.663719222668599285e-01,4.146645626782605176e-02,-8.263495510835125457e-02,-2.056768971334157758e-01,-3.272528267295002902e-01,-4.467386643901045118e-01,-5.631701804231820097e-01,-6.750196748986874162e-01,-7.797813996672643411e-01,-8.731668306358018050e-01,-9.474601100202205695e-01,-9.880378703542042063e-01,-9.663320806716881872e-01,-8.315653730033727431e-01,-5.445573083474508636e-01,-2.189925052774848446e-01,-2.893999806092296262e-02,2.489588812861052297e-02,9.519650221712422214e-13,-6.607004822157809543e-02,-1.539337077536887255e-01,-2.538570012504466344e-01,-3.610200842623892403e-01,-4.732029564462409410e-01,-5.896625186192143708e-01,-7.106115621628221746e-01,-8.370307436168894499e-01,-9.707049056221733752e-01,-1.114483499874648009e+00,-1.272880021356660896e+00,-1.453296515571380843e+00,-1.668417243516460369e+00,-1.940317010844192946e+00,-2.303332188022102933e+00,-2.782653609556995367e+00,2.965858748098838760e+00,2.505471574188960826e+00,2.160330668335314286e+00,1.899435788461545815e+00,1.690099204648913389e+00,1.511914739827733278e+00,1.352993774338237865e+00
1.250185102977706686e+00,1.111016326079554029e+00,9.767448721506344356e-01,8.456060175094599618e-01,7.164598516661905281e-01,5.885872654811022953e-01,4.615519105122311561e-01,3.351018612618953951e-01,2.091038084996340585e-01,8.350571375520070283e-02,-4.167877468112475559e-02,-1.663719222657894237e-01,-2.904242414876256340e-01,-4.135960501189760441e-01,-5.355196623034944592e-01,-6.556266782355381073e-01,-7.730146564188631331e-01,-8.862030063990448125e-01,-9.926652663244068808e-01,-1.087869208267153942e+00,-1.163159322095125736e+00,-1.200761676089599383e+00,-1.161787178120872177e+00,-9.665854783175209519e-01,-5.613379829008657840e-01,-1.828178888000161206e-01,-1.894425030557532474e-02,5.254630670661052452e-03,-3.713165560476378718e-02,-1.116964126794743328e-01,-2.029796612268036093e-01,-3.039188519513606468e-01,-4.114091693407992412e-01,-5.243902335237913270e-01,-6.430250902113039402e-01,-7.684229401708754237e-01,-9.027180676917535562e-01,-1.049531048179803028e+00,-1.215084120671280354e+00,-1.410710387875304894e+00,-1.658462140489215031e+00,-2.001917497114236166e+00,-2.505924979085525806e+00,-3.141592653582727213e+00,2.593287730850332373e+00,2.214380456931116736e+00,1.944715397213868879e+00,1.733887682983616729e+00,1.555768546017070930e+00,1.396983879565872888e+00,1.250185102977703799e+00
1.148437350980128668e+00,1.016180228115662221e+00,8.863059513690966229e-01,7.579610950384457757e-01,6.305891904334552933e-01,5.038394067262389475e-01,3.775010140204608233e-01,2.514529022671347924e-01,1.256289778199682905e-01,6.055545656554708718e-13,-1.254319961186995680e-01,-2.506327847703223588e-01,-3.755326187910671409e-01,-5.000196411552345621e-01,-6.239241705225608836e-01,-7.469848395513065675e-01,-8.687849552177996371e-01,-9.886387725759595568e-01,-1.105379221110845966e+00,-1.216924014864164683e+00,-1.319301593092058855e+00,-1.404232999364197099e+00,-1.452239110551001078e+00,-1.408977256524357013e+00,-1.099176493925419607e+00,-3.491906028854519506e-01,8.990916956874152322e-02,1.828178888018112402e-01,1.574752430764143618e-01,8.736709501315174931e-02,-2.984407334990414867e-03,-1.040902829082278463e-01,-2.120612764028961539e-01,-3.254616309471801694e-01,-4.441473161057276631e-01,-5.689028592122009620e-01,-7.015443768304630012e-01,-8.455477809412786927e-01,-1.007763677273593839e+00,-1.203204963124544058e+00,-1.470444877183060939e+00,-1.926839516956180942e+00,-2.808023080369687285e+00,2.633149377342557163e+00,2.201615946861199102e+00,1.940317010849933466e+00,1.743810338630803258e+00,1.577045244251892742e+00,1.426084984673735567e+00,1.284383134616518873e+00,1.148437350980126226e+00
1.047192036683040062e+00,9.215272218498598011e-01,7.958688797859785335e-01,6.702115297262303262e-01,5.445489018427800421e-01,4.188805277545116779e-01,2.932114597554135726e-01,1.675466386988035683e-01,4.188636460675523171e-02,-8.377319145956042823e-02,-2.094358351887747050e-01,-3.351018612606728730e-01,-4.607683298984101561e-01,-5.864325112718282718e-01,-7.120948680402502395e-01,-8.377582497243586390e-01,-9.634237658762684342e-01,-1.089087966339073787e+00,-1.214746050695113322e+00,-1.340400040589974973e+00,-1.466063009103263148e+00,-1.591749215546061746e+00,-1.717452013228558449e+00,-1.843128912215993287e+00,-1.968696806114660580e+00,-3.300066567994343525e-10,9.214135638747582568e-01,7.958828426959022595e-01,6.702411257531778466e-01,5.445573083476104026e-01,4.188744388468417790e-01,2.932072933731388331e-01,1.675490709789889676e-01,4.188992723527693723e-02,-8.377294677568089543e-02,-2.094374910021177538e-01,-3.351023398724341518e-01,-4.607681916939563860e-01,-5.864350715711929007e-01,-7.121001458615647817e-01,-8.377587058619127003e-01,-9.634009459301583478e-01,2.052461402250647993e+00,1.926839516967929766e+00,1.801180380771504552e+00,1.675516062237521364e+00,1.549853237032204900e+00,1.424192587483534833e+00,1.298529750648418579e+00,1.172861732980804650e+00,1.047192036683037619e+00
9.459513513415584995e-01,8.268764396828386376e-01,7.054305145622185025e-01,5.824585776774446888e-01,4.585057060787487426e-01,3.339210415025452572e-01,2.089236489364427185e-01,8.364303147354844314e-02,-4.185450687988896690e-02,-1.675466386974878708e-01,-2.934416995141564399e-01,-4.195734085976547401e-01,-5.460053419671903052e-01,-6.728445296036765777e-01,-8.002627686773335913e-01,-9.285282906178690121e-01,-1.058060693867237223e+00,-1.189538780096343507e+00,-1.324118903506571909e+00,-1.463884652635927708e+00,-1.612829567145219078e+00,-1.779258427270032694e+00,-1.982641794369945032e+00,-2.277254720169201718e+00,-2.838277089299868994e+00,2.443633892923423812e+00,1.753184265168333811e+00,1.408977256524432509e+00,1.182977134026040433e+00,1.001720789501657993e+00,8.407252065193856483e-01,6.905081766537544130e-01,5.471635213327461500e-01,4.092415684904575079e-01,2.765984193680529057e-01,1.500250513173601863e-01,3.133977432150762688e-02,-7.598475028108768459e-02,-1.651000281767197320e-01,-2.209894933189416877e-01,-2.050740651746967569e-01,-9.799535456608691108e-12,6.298497242957064035e-01,1.220538170057873684e+00,1.400744471382874945e+00,1.410710387878897132e+00,1.355890029420578680e+00,1.271335875742013899e+00,1.170974701641876115e+00,1.061344210183609693e+00,9.459513513415562791e-01
8.442140929102162072e-01,7.320460276373776942e-01,6.149892369698750638e-01,4.948061662335135336e-01,3.726283958964032861e-01,2.491717456256376251e-01,1.248766933528069611e-01,6.974303086401421796e-13,-1.253256531534614471e-01,-2.510532252998348146e-01,-3.771995236574962607e-01,-5.038394067248871400e-01,-6.311159302696670581e-01,-7.592657784949147226e-01,-8.886614347009441639e-01,-1.019880207426890228e+00,-1.153828152849748712e+00,-1.291978405281101194e+00,-1.436844689244899165e+00,-1.592955561918534269e+00,-1.768980264460889185e+00,-1.982713033292702098e+00,-2.273045612257287296e+00,-2.719598459453512529e+00,2.907043657129362302e+00,2.277254720171119740e+00,1.862073678664744936e+00,1.586525940530551626e+00,1.377546952662229485e+00,1.200761676089668439e+00,1.040720856199021105e+00,8.903480819468124752e-01,7.465199814073734119e-01,6.081706721145808681e-01,4.754710103381247221e-01,3.495394519721412574e-01,2.325113622658362134e-01,1.280012626826363964e-01,4.222646111701533478e-02,-1.347817633318593861e-02,-1.705501045456524201e-02,7.507522276329249566e-02,3.277573902863281652e-01,7.121001458564405473e-01,1.009072461524611608e+00,1.136639192119828001e+00,1.154972510355515292e+00,1.114483499877185091e+00,1.041289920491397902e+00,9.487511689275862636e-01,8.442140929102140978e-01
7.414140799574283625e-01,6.368499102498629272e-01,5.245723059333045057e-01,4.074062139039336672e-01,2.871460298704778813e-01,1.649131275387393514e-01,4.138816582534270844e-02,-8.303705853381096458e-02,-2.081625107992006174e-01,-3.339210415011271138e-01,-4.603485917327892474e-01,-5.875792461302068448e-01,-7.158630036864017665e-01,-8.456060175080089003e-01,-9.774391373571642561e-01,-1.112335306417501668e+00,-1.251824155228613566e+00,-1.398402976911297335e+00,-1.556348028900250924e+00,-1.733370833557214663e+00,-1.944103514880226591e+00,-2.217128837684647191e+00,-2.603234423806546349e+00,-3.141592653588000772e+00,2.564711801399083502e+00,2.123365219703711393e+00,1.818206239100791155e+00,1.591749215547028529e+00,1.406465665684244026e+00,1.242997435618080626e+00,1.091608247755966765e+00,9.474601100202970638e-01,8.083189529457798228e-01,6.734424073522675691e-01,5.430541685427227039e-01,4.181439564515125329e-01,3.004962052542757833e-01,1.929530155723429008e-01,1.000223792716883747e-01,2.910837173416213827e-02,-7.098529160839913560e-03,1.347817632773108155e-02,1.251690384736766914e-01,3.531613878994728228e-01,6.365017108459649631e-01,8.455477809421976243e-01,9.393505024110906376e-01,9.489250596149533257e-01,9.069533942539147464e-01,8.338233740495858415e-01,7.414140799574264751e-01
6.368550689575408486e-01,5.411060624917396478e-01,4.342818063398553585e-01,3.205267373134889630e-01,2.024321856096473748e-01,8.159353340642906682e-02,-4.103505650146348910e-02,-1.649131275372583971e-01,-2.897722599307281932e-01,-4.155341942354547902e-01,-5.422728818754422031e-01,-6.702115297247271952e-01,-7.997502652268568824e-01,-9.315256211745328585e-01,-1.066514630252712648e+00,-1.206219085127929302e+00,-1.353006536673563520e+00,-1.510761598411056061e+00,-1.686158525224786375e+00,-1.891173657255859952e+00,-2.147743417064786442e+00,-2.492954435826062909e+00,-2.962358863414277899e+00,2.781103878682907204e+00,2.318629978559427762e+00,1.982713033294616567e+00,1.735508446405735983e+00,1.538862759056276674e+00,1.370108712872827095e+00,1.216924014864949388e+00,1.072703564158821399e+00,9.339831339924370424e-01,7.990864174815874854e-01,6.674206111881811898e-01,5.391262245010184362e-01,4.149383258362567828e-01,2.961983911996043939e-01,1.850116325756188396e-01,8.460189756146531403e-02,-1.003726841480223468e-12,-6.066674456807509552e-02,-8.390118116156783379e-02,-4.782745734087769790e-02,7.598475027694664985e-02,2.936110438290227553e-01,5.343671083739012229e-01,7.001529084132804837e-01,7.684229401728663866e-01,7.645703050368373166e-01,7.149100937682585366e-01,6.368550689575387391e-01
5.296316241694947191e-01,4.446715895187208778e-01,3.443881215113374639e-01,2.346792692909075995e-01,1.191562372261978364e-01,7.785202143975482056e-13,-1.215088502409449323e-01,-2.446606306745719717e-01,-3.691180228396006568e-01,-4.948061662319608311e-01,-6.218652409637132061e-01,-7.506502782741598656e-01,-8.817715873307945262e-01,-1.016180228113956252e+00,-1.155322092650751253e+00,-1.301417682456575298e+00,-1.457983590758288317e+00,-1.630820999218980827e+00,-1.829889997865286499e+00,-2.072639100728459916e+00,-2.387901747574413758e+00,-2.808088357200241525e+00,2.969471357324657390e+00,2.492954435829544568e+00,2.125586791653429231e+00,1.853563730163380940e+00,1.641383959143318361e+00,1.463884652637223560e+00,1.306302811897227301e+00,1.160270176043675328e+00,1.021092599713866012e+00,8.862030063997556883e-01,7.543005783210529058e-01,6.248785254956007451e-01,4.979811669877349245e-01,3.741061330429123477e-01,2.542110023845099986e-01,1.398162203409716586e-01,3.323109846790098937e-02,-6.201943188615127722e-02,-1.404052630170239124e-01,-1.929530155743359177e-01,-2.048590646333992293e-01,-1.530744600237201603e-01,-1.208574851576461537e-02,2.094374910007365531e-01,4.287610621428057378e-01,5.643620857630083920e-01,6.091833473709649116e-01,5.896625186211846836e-01,5.296316241694929428e-01
4.185254873818396448e-01,3.475409852465958793e-01,2.555301130328546666e-01,1.508768030103428137e-01,3.857996804829748327e-02,-7.841527836522693695e-02,-1.984204523924430474e-01,-3.205267373118854124e-01,-4.443280733972662100e-01,-5.697738709143096436e-01,-6.971089230271464432e-01,-8.268764396811086881e-01,-9.599755457137777448e-01,-1.097783651735037225e+00,-1.242383613111196716e+00,-1.396983879563691966e+00,-1.566702034188062642e+00,-1.760016882952434969e+00,-1.991299447420061819e+00,-2.283996417295141690e+00,-2.667413746978582800e+00,-3.141592653587169437e+00,2.659189202291214915e+00,2.262900933876077936e+00,1.964079016807567912e+00,1.733370833559112478e+00,1.544261011823371055e+00,1.379851149170277180e+00,1.230093403625368564e+00,1.089087966340175795e+00,9.534067040253961789e-01,8.211111143820487568e-01,6.911780003610532574e-01,5.631701804238540277e-01,4.370620951342155114e-01,3.131685575411113365e-01,1.921485441438540720e-01,7.507584892063151605e-02,-3.640876347703521365e-02,-1.398162203413816640e-01,-2.312947528277616016e-01,-3.046798492376056045e-01,-3.497671048681330053e-01,-3.495394519740624983e-01,-2.781375494229967327e-01,-1.120013555731121102e-01,1.220147055708420969e-01,3.254616309482464276e-01,4.332346858208358520e-01,4.545341775224532310e-01,4.185254873818389787e-01
3.018847608720537923e-01,2.501132614456630376e-01,1.691694378201016313e-01,7.118749775753380193e-02,-3.682738974963130352e-02,-1.508768030086728440e-01,-2.687377273877040174e-01,-3.892575882040317792e-01,-5.119613153895724578e-01,-6.368499102481056662e-01,-7.643214785096398289e-01,-8.951779323836672742e-01,-1.030707191058867211e+00,-1.172861732978677241e+00,-1.324598854402051495e+00,-1.490517446346207864e+00,-1.678033657860201533e+00,-1.899435788458009533e+00,-2.174693234302031541e+00,-2.530788811414918626e+00,-2.979078152114223332e+00,2.820151901498119340e+00,2.398317737475500255e+00,2.072639100731517914e+00,1.822089482577053277e+00,1.619740800587025520e+00,1.446890513391793975e+00,1.291978405282534270e+00,1.147986942709761982e+00,1.010671516477527510e+00,8.774952877491630776e-01,7.469848395523235318e-01,6.183359871536862062e-01,4.911784951370674057e-01,3.654478005287660203e-01,2.413311716062744583e-01,1.192684223086456774e-01,2.021452042072903378e-13,-1.153289998138312816e-01,-2.249781785230736686e-01,-3.262669410762996658e-01,-4.149383258366688421e-01,-4.839646100918479910e-01,-5.213425638610817980e-01,-5.065989995469377671e-01,-4.092415684920080454e-01,-2.090112118264120245e-01,4.028766634673599384e-02,2.251649198379399308e-01,3.039188519531973998e-01,3.018847608720529596e-01
1.775459645769968120e-01,1.539337077555497646e-01,8.869166436404299358e-02,8.872083577936792421e-13,-1.020403922808773706e-01,-2.118915815795944513e-01,-3.265913620416381336e-01,-4.446715895169348065e-01,-5.655820041931467479e-01,-6.894050564638206646e-01,-8.167472454884261435e-01,-9.487511689255098135e-01,-1.087218101445013962e+00,-1.234880905597202538e+00,-1.395935917140285643e+00,-1.577045244248768352e+00,-1.789139819750119598e+00,-2.050152107537173141e+00,-2.386154018196755100e+00,-2.816658874357548026e+00,2.978269359250437898e+00,2.530788811420367157e+00,2.178369528838322911e+00,1.908137503946146563e+00,1.692460596345057633e+00,1.510761598412948548e+00,1.350094063141989320e+00,1.202482518950461099e+00,1.062982420002761774e+00,9.285282906191267838e-01,7.972463007199317442e-01,6.680252483800883656e-01,5.402428367139544552e-01,4.135960501199556494e-01,2.880060900492552589e-01,1.635771044182472433e-01,4.059420349563461899e-02,-8.044539966248026586e-02,-1.987627888875222459e-01,-3.131685575407028854e-01,-4.218303761873061775e-01,-5.218474316193570939e-01,-6.084485116656985770e-01,-6.734424073526918963e-01,-7.022624449297141247e-01,-6.692389272234127162e-01,-5.369879404035838855e-01,-2.932072933733495534e-01,-3.153825197665306029e-02,1.285931212647932476e-01,1.775459645769972838e-01
4.296058693795125338e-02,6.383006091686027617e-02,2.227768729378269003e-02,-5.287135809244285223e-02,-1.463199245594402620e-01,-2.501132614438328350e-01,-3.601962824146510145e-01,-4.746555910463098327e-01,-5.928341701117709750e-01,-7.149100937662447031e-01,-8.417409648991994731e-01,-9.748881219037279777e-01,-1.116814659844842295e+00,-1.271335875739266763e+00,-1.444519733552222185e+00,-1.646408328312786384e+00,-1.893999929812430816e+00,-2.214380456924556206e+00,-2.636555133278259078e+00,-3.141592653585340233e+00,2.658677171519353788e+00,2.276402588329863974e+00,1.987341758329735253e+00,1.760016882955208750e+00,1.570745127568699662e+00,1.405004265476406999e+00,1.254014750133335632e+00,1.112335306419012015e+00,9.765286045845787966e-01,8.444207070637761436e-01,7.146598269685583427e-01,5.864325112730098821e-01,4.592749389710720220e-01,3.329518991766247660e-01,2.073875939846292482e-01,8.263495510931788413e-02,-4.112755414782117563e-02,-1.635771044174136324e-01,-2.842022636964959825e-01,-4.022188610421565391e-01,-5.164164325790120413e-01,-6.248785254951773060e-01,-7.244602731060345580e-01,-8.097712275407806803e-01,-8.711178503607863721e-01,-8.903480819472532337e-01,-8.338724714200871357e-01,-6.536911284833991642e-01,-3.550659294604898153e-01,-8.736709501166980973e-02,4.296058693795225258e-02
-1.041896794129890808e-01,-5.254630668702828938e-03,-8.738006134782485071e-03,-6.383006091495739553e-02,-1.452405455812841861e-01,-2.408318759776439111e-01,-3.448003941513207438e-01,-4.545341775205368196e-01,-5.691614028331438702e-01,-6.888986503163645470e-01,-8.148226629622207229e-01,-9.489250596126583837e-01,-1.094459888026525718e+00,-1.256758237364466124e+00,-1.444953761213819687e+00,-1.675516062232776937e+00,-1.978451241191782506e+00,-2.399155265178845919e+00,-2.948614263623536402e+00,2.782653609567040220e+00,2.357442238338520291e+00,2.050152107541876045e+00,1.815229330826104714e+00,1.622168128519552388e+00,1.454067497551635890e+00,1.301417682458466230e+00,1.158560360025214120e+00,1.021959674476492497e+00,8.893470618550416429e-01,7.592657784962689727e-01,6.307997414895956112e-01,5.033934438482932094e-01,3.767268576773663558e-01,2.506327847714734380e-01,1.250494710133633891e-01,5.329300979972398220e-13,-1.244102361218149128e-01,-2.479829492629697651e-01,-3.704012396447319833e-01,-4.911784951362191953e-01,-6.095624578066841659e-01,-7.243601349775903309e-01,-8.336148938590088875e-01,-9.339831339919844044e-01,-1.019455458229140854e+00,-1.078577778329411263e+00,-1.088249150266030751e+00,-1.001720789502035025e+00,-7.500577936124950273e-01,-3.738871046168921741e-01,-1.041896794129854309e-01
-2.646366441503595346e-01,1.016722380276658123e-12,5.880254543774055681e-02,2.893999806276622774e-02,-4.017229352745249615e-02,-1.285931212630830600e-01,-2.277944436117726179e-01,-3.341324781288015910e-01,-4.463113844077069015e-01,-5.643620857614126685e-01,-6.893106643291899704e-01,-8.232798192827195383e-01,-9.700701092366914580e-01,-1.136639192117521180e+00,-1.336752530014854168e+00,-1.600443157294861640e+00,-1.996731444130327437e+00,-2.633149377325023632e+00,2.911624930951096868e+00,2.399155265188749997e+00,2.075644307342551897e+00,1.842935953735629573e+00,1.654698797308579383e+00,1.490517446348790020e+00,1.340476796815941007e+00,1.199215723831236868e+00,1.063563979620757882e+00,9.315256211760946092e-01,8.018040449832509742e-01,6.735575769225380371e-01,5.462546328274711094e-01,4.195734085989402118e-01,2.933281623840900409e-01,1.674192997499945046e-01,4.180572710359312105e-02,-8.350571375405428654e-02,-2.084606568623304790e-01,-3.329518991755504587e-01,-4.568072452169085196e-01,-5.797633640161217183e-01,-7.014135495422437749e-01,-8.211111143811609114e-01,-9.377941289855483697e-01,-1.049652949370255106e+00,-1.153448923170301121e+00,-1.242997435617586133e+00,-1.305473919901883662e+00,-1.311492129549267638e+00,-1.187952549341593222e+00,-7.958828426954736024e-01,-2.646366441503451017e-01
-4.357201091781366387e-01,3.491906028871659129e-01,4.244908223556000948e-01,3.738871046179721436e-01,2.864420449292917059e-01,1.840547253559772500e-01,7.417969016183455222e-02,-4.028766634631723159e-02,-1.582628292823797800e-01,-2.795481015264711377e-01,-4.045542855031357687e-01,-5.343671083743058992e-01,-6.711985279463376086e-01,-8.197066751251635974e-01,-9.911647197801171094e-01,-1.220538170058354632e+00,-1.677329813851767160e+00,-3.141592653565365101e+00,2.300121895957279783e+00,2.001917497122394085e+00,1.807325118950967369e+00,1.646408328316641079e+00,1.500378048446039392e+00,1.362178674349772134e+00,1.228556642154087220e+00,1.097783651736926380e+00,9.688421869545515985e-01,8.410871310097557396e-01,7.140926359244890165e-01,5.875792461316272641e-01,4.613724531945871399e-01,3.353701523823188757e-01,2.095146679517329580e-01,8.377319146082456980e-02,-4.187101964319470820e-02,-1.674192997487837786e-01,-2.928553220253559131e-01,-4.181435714303722295e-01,-5.432278711280087435e-01,-6.680252483789799189e-01,-7.924090024562584489e-01,-9.161754920379809874e-01,-1.038987094410212864e+00,-1.160270176042701662e+00,-1.279007549453819337e+00,-1.393264683232195544e+00,-1.498993669954199914e+00,-1.586525940529931455e+00,-1.627205039907435147e+00,-1.493782028774577331e+00,-4.357201091780986135e-01
2.530164930619275498e+00,1.493782028774680581e+00,1.167288985534088219e+00,9.665854783173475351e-01,8.026635668739870999e-01,6.536911284828726965e-01,5.122355759657456487e-01,3.753868988244679628e-01,2.420426824334366012e-01,1.120013555713551406e-01,-1.432145691558917369e-02,-1.358374460862440680e-01,-2.503365838954091926e-01,-3.531613879046782700e-01,-4.330336567703961248e-01,-4.549800802310964842e-01,-2.494961710263574051e-01,9.634009459076884330e-01,1.553560040541724918e+00,1.600443157300030395e+00,1.543705702654256662e+00,1.453296515574792558e+00,1.348006075451599672e+00,1.234880905599629486e+00,1.117167862320261884e+00,9.966016373126282968e-01,8.742128291464286161e-01,7.506502782757626946e-01,6.263295305164825466e-01,5.015177950286883179e-01,3.763884439500058687e-01,2.510532253011995563e-01,1.255793088543719904e-01,6.547422255098164603e-13,-1.256754250930182115e-01,-2.514529022658638091e-01,-3.773490579629653063e-01,-5.033934438470551997e-01,-6.296369357543994960e-01,-7.561637441634707635e-01,-8.831065854320941932e-01,-1.010671516476337128e+00,-1.139189258004817740e+00,-1.269223542428320251e+00,-1.401794857438968700e+00,-1.538862759055107388e+00,-1.684502946375769250e+00,-1.848371919485488846e+00,-2.059045690326180900e+00,-2.443633892921489359e+00,2.530164930619225316e+00
2.359077284808875241e+00,1.843128912216854154e+00,1.532991019568862967e+00,1.311492129549340913e+00,1.129245664903660851e+00,9.663320806712529798e-01,8.142173021182124160e-01,6.692389272223888685e-01,5.300915634112226549e-01,3.968105312113053285e-01,2.704300387860067434e-01,1.530744600207636363e-01,4.853957773917762925e-02,-3.622067188009413935e-02,-8.743836895512971386e-02,-7.507522277272012101e-02,6.988884683006238441e-02,4.549800802179414516e-01,9.420665668095349332e-01,1.203204963126339067e+00,1.275378831451828177e+00,1.256758237367397779e+00,1.193677793435514722e+00,1.106542023600933566e+00,1.005254424713631023e+00,8.951779323855553194e-01,7.794952305045936836e-01,6.602096057813822139e-01,5.386120516966262928e-01,4.155341942369320529e-01,2.915051500953486086e-01,1.668531166473737892e-01,4.177058990001630834e-02,-8.364303147219448453e-02,-2.093527134487536134e-01,-3.353701523809932694e-01,-4.617480629207677545e-01,-5.885872654797902337e-01,-7.160559068360811130e-01,-8.444207070624670797e-01,-9.740963343839665889e-01,-1.105732897513794777e+00,-1.240385219179722220e+00,-1.379851149168902502e+00,-1.527368026545659951e+00,-1.689138320994108211e+00,-1.878009741329298210e+00,-2.123365219701793816e+00,-2.498255098158191245e+00,-3.141592653588305417e+00,2.359077284808861030e+00
2.198621392145076570e+00,1.848371919486714754e+00,1.600502009819666949e+00,1.404232999364736889e+00,1.234303113302825938e+00,1.078577778329484982e+00,9.312358120886543578e-01,7.896484450181879833e-01,6.529418366321845246e-01,5.213425638600042156e-01,3.959369529116631981e-01,2.787170217370489311e-01,1.729299095272641140e-01,8.390118115823527734e-02,2.076611941250511642e-02,-2.800977221528181665e-12,5.161055609330956334e-02,2.209894933111294646e-01,5.191217220442032598e-01,8.197066751242053639e-01,9.935759976056737219e-01,1.049531048182176907e+00,1.033136340667135444e+00,9.748881219059881698e-01,8.916701678543630383e-01,7.929865702543092976e-01,6.845053825358320410e-01,5.697738709159516635e-01,4.510616884376419389e-01,3.298191965228395861e-01,2.069585190974751743e-01,8.303705853524544211e-02,-4.162222580201857536e-02,-1.668531166459759907e-01,-2.925976974930610819e-01,-4.188805277531270077e-01,-5.458031083233322311e-01,-6.735575769211507025e-01,-8.024590912868875270e-01,-9.330002920775838371e-01,-1.065942712871201348e+00,-1.202482518948986279e+00,-1.344568381703026283e+00,-1.495530845087891914e+00,-1.661374417442743168e+00,-1.853563730161480017e+00,-2.095217307470658152e+00,-2.433091722279604685e+00,-2.936106617408732244e+00,2.719598459456471939e+00,2.198621392145065023e+00
2.051457001263140789e+00,1.779258427271439791e+00,1.569461328996686111e+00,1.393264683233047529e+00,1.235387338098026699e+00,1.087869208267626897e+00,9.466385674086005286e-01,8.097712275408573968e-01,6.766128275880544107e-01,5.473521015298224990e-01,4.228544466770541299e-01,3.046798492365346278e-01,1.952839235889937686e-01,9.847696596218576126e-02,2.032981562818103952e-02,-2.910837173754938015e-02,-3.283752739601013271e-02,3.622067187510617098e-02,2.070647207680850477e-01,4.607681916914406761e-01,6.923452243111513082e-01,8.232798192844318352e-01,8.610156420127780263e-01,8.370307436190479455e-01,7.749907589175700773e-01,6.894050564657090430e-01,5.890569996883409098e-01,4.793999048282754916e-01,3.638772837874977295e-01,2.446606306761068550e-01,1.230974790285284948e-01,7.354989883926018621e-13,-1.241677815202867768e-01,-2.491717456241893669e-01,-3.749377419223487995e-01,-5.015177950272394769e-01,-6.290860326500967714e-01,-7.579610950369686240e-01,-8.886553275792097306e-01,-1.021959674474955726e+00,-1.159091646879534032e+00,-1.301967643179488210e+00,-1.453723883900431169e+00,-1.619740800585134144e+00,-1.809710100614898787e+00,-2.041792035847679099e+00,-2.349587095004944448e+00,-2.781103878679251018e+00,2.952110698363354491e+00,2.433091722282363811e+00,2.051457001263134572e+00
1.916855797676244588e+00,1.689138320995609011e+00,1.503042054795074467e+00,1.340400040591026798e+00,1.191118268833639249e+00,1.049652949370996735e+00,9.130315233221865112e-01,7.797813996677019910e-01,6.493565934565349584e-01,5.218474316194273710e-01,3.978644269637313657e-01,2.785468371575143265e-01,1.656887045527511149e-01,6.201943188508284716e-02,-2.825964047942169238e-02,-9.847696596418799297e-02,-1.376983950725932937e-01,-1.280012626858425540e-01,-4.332797086717384699e-02,1.358374460833489394e-01,3.727593837266563459e-01,5.689028592131157858e-01,6.699866931356854849e-01,6.888986503183958110e-01,6.532639012807618384e-01,5.836438122078294599e-01,4.929806015690614829e-01,3.892575882057178749e-01,2.774268710194796594e-01,1.605545172871389592e-01,4.051129814891692160e-02,-8.159353340491447282e-02,-2.051379821410320159e-01,-3.298191965213360111e-01,-4.555584216775550033e-01,-5.824585776759180211e-01,-7.108026132888354276e-01,-8.410871310081743379e-01,-9.740938227668781701e-01,-1.111016326077863381e+00,-1.253687855134198559e+00,-1.405004265474516956e+00,-1.569729915407704235e+00,-1.756054882216352198e+00,-1.978552917073886919e+00,-2.262900933872829423e+00,-2.646480727555920343e+00,-3.141592653587655271e+00,2.628587018397393393e+00,2.217128837687232235e+00,1.916855797676238593e+00
1.792507089143912102e+00,1.592955561920099461e+00,1.422570262783396933e+00,1.269223542429498863e+00,1.125913561121959727e+00,9.886387725768851498e-01,8.551719151642590555e-01,7.243601349782782250e-01,5.957322131018508715e-01,4.692935241725569306e-01,3.454429702882615416e-01,2.249781785231386444e-01,1.091805757238956676e-01,-2.035614858866277537e-13,-9.960068329010826615e-02,-1.850116325766879288e-01,-2.488105354060721197e-01,-2.787170217390182447e-01,-2.547801684584222182e-01,-1.500250513198692348e-01,4.692366482692240937e-02,2.795481015265145475e-01,4.500444512011099740e-01,5.243902335256513947e-01,5.236218843857038951e-01,4.746555910481947693e-01,3.961830063891669806e-01,2.997658058480854315e-01,1.924276460012808720e-01,7.841527836683277741e-02,-3.973612641468845380e-02,-1.605545172855730451e-01,-2.832351243240632255e-01,-4.074062139023572615e-01,-5.330020315673725806e-01,-6.602096057797610662e-01,-7.894701258590457460e-01,-9.215272218481428412e-01,-1.057529143409352335e+00,-1.199215723829349267e+00,-1.349261305943354028e+00,-1.511914739825521048e+00,-1.694202308210091656e+00,-1.908137503943248214e+00,-2.174207804103121422e+00,-2.522905031736408343e+00,-2.974468917911193167e+00,2.808088357204707286e+00,2.371873981124617892e+00,2.041792035850131359e+00,1.792507089143908328e+00
1.675867174011817395e+00,1.495530845089494631e+00,1.336214221307364669e+00,1.189538780097610049e+00,1.050508087863089246e+00,9.161754920390322576e-01,7.848510053822740362e-01,6.556266782364049694e-01,5.280988416264286167e-01,4.022188610428191757e-01,2.782314337476259891e-01,1.566768680647527556e-01,3.844961702679280252e-02,-7.507584892056694270e-02,-1.818137846726111673e-01,-2.785468371579225000e-01,-3.601491526449120406e-01,-4.181439564525871733e-01,-4.381750841662399587e-01,-3.968105312131093299e-01,-2.647368155306167870e-01,-4.188992723598387174e-02,1.891821641625385797e-01,3.341324781304220171e-01,3.816286699558185114e-01,3.610200842642718455e-01,2.988090073285837867e-01,2.118915815813406101e-01,1.103210526381400713e-01,8.267962240374032092e-13,-1.156454741536865199e-01,-2.346792692892743504e-01,-3.560775410278034792e-01,-4.793999048266135432e-01,-6.046178085242827072e-01,-7.320460276356348661e-01,-8.623474506880655088e-01,-9.966016373107406956e-01,-1.136452053955399499e+00,-1.284383134614368371e+00,-1.444236162662531076e+00,-1.622168128516882746e+00,-1.828388766769914353e+00,-2.079932860513620696e+00,-2.402672148423187881e+00,-2.820151901492565116e+00,2.977686912991447610e+00,2.522905031740725335e+00,2.163795244962705144e+00,1.891173657258224949e+00,1.675867174011813399e+00
1.564769417826485709e+00,1.398402976912931361e+00,1.247354483530052738e+00,1.105732897515121937e+00,9.699285644516806304e-01,8.377582497255022798e-01,7.079397134703681038e-01,5.797633640171145908e-01,4.528924980243141385e-01,3.272528267303422278e-01,2.029853107767510267e-01,8.044539966313343782e-02,-3.975796515270037940e-02,-1.566768680643444989e-01,-2.688673674069904096e-01,-3.741061330428450682e-01,-4.688696182526350120e-01,-5.473521015302373893e-01,-5.995981331997521924e-01,-6.081706721156526774e-01,-5.442408205445355973e-01,-3.753868988255122385e-01,-1.210906731697311972e-01,1.040902829094884213e-01,2.201295321737933020e-01,2.408318759795250452e-01,2.016852011704635128e-01,1.278515360486104646e-01,3.410303102247849716e-02,-7.118749775581907635e-02,-1.833304700007563903e-01,-2.997658058463739117e-01,-4.191946819178615780e-01,-5.411060624899705074e-01,-6.655382079656125827e-01,-7.929865702524214743e-01,-9.244127738736319655e-01,-1.061344210181509373e+00,-1.206093079353700581e+00,-1.362178674347271912e+00,-1.535120616221036904e+00,-1.733887682980298939e+00,-1.973292960674349228e+00,-2.276402588324756504e+00,-2.668732353701868121e+00,-3.141592653586489536e+00,2.670935584309992450e+00,2.283996417299198445e+00,1.987848285750066779e+00,1.756054882218650359e+00,1.564769417826482378e+00
1.457553348831509776e+00,1.301967643181144441e+00,1.157455624224217994e+00,1.019880207428268459e+00,8.866493066820892999e-01,7.561637441646823499e-01,6.274674485038740368e-01,5.000196411563251342e-01,3.735511493996662713e-01,2.479829492639410993e-01,1.233903158474222855e-01,4.172135559736795485e-13,-1.217853361541202939e-01,-2.413311716056177336e-01,-3.576663860275194895e-01,-4.692935241721399864e-01,-5.738425368242697777e-01,-6.674206111881079151e-01,-7.433472743814454331e-01,-7.896484450186199711e-01,-7.843957637242369163e-01,-6.905081766546374844e-01,-4.724371721638787602e-01,-1.840547253552261009e-01,2.709539360419969956e-02,1.116964126813433239e-01,1.075698702566887238e-01,5.287135809428410854e-02,-2.971343175729425010e-02,-1.278515360468241435e-01,-2.349441985761379359e-01,-3.475409852447917669e-01,-4.639730564885019559e-01,-5.836438122059447453e-01,-7.066842297379960502e-01,-8.338233740475383682e-01,-9.664050966280675059e-01,-1.106542023598587887e+00,-1.257462238480393291e+00,-1.424192587480600292e+00,-1.614852194713513933e+00,-1.842935953731353882e+00,-2.130328785901002053e+00,-2.505471574181872274e+00,-2.974434522554959770e+00,2.816658874364708520e+00,2.399533448923656831e+00,2.079932860517401227e+00,1.832471545585251604e+00,1.630820999221232359e+00,1.457553348831506224e+00
1.352993774338240529e+00,1.206219085129605295e+00,1.067161563424906534e+00,9.330002920790002596e-01,8.019365090514924965e-01,6.728445296049448965e-01,5.450437096173144091e-01,4.181435714315345220e-01,2.919429221936172825e-01,1.663719222668596232e-01,4.146645626782580890e-02,-8.263495510835151825e-02,-2.056768971334160256e-01,-3.272528267295006787e-01,-4.467386643901046228e-01,-5.631701804231823427e-01,-6.750196748986873052e-01,-7.797813996672646741e-01,-8.731668306358026932e-01,-9.474601100202221238e-01,-9.880378703542040952e-01,-9.663320806716875211e-01,-8.315653730033734092e-01,-5.445573083474545273e-01,-2.189925052774859271e-01,-2.893999806092386121e-02,2.489588812860951336e-02,9.511691710782006062e-13,-6.607004822157840074e-02,-1.539337077536882536e-01,-2.538570012504465789e-01,-3.610200842623894624e-01,-4.732029564462408855e-01,-5.896625186192142598e-01,-7.106115621628220635e-01,-8.370307436168894499e-01,-9.707049056221734862e-01,-1.114483499874648231e+00,-1.272880021356660674e+00,-1.453296515571380843e+00,-1.668417243516460369e+00,-1.940317010844192946e+00,-2.303332188022102045e+00,-2.782653609556995367e+00,2.965858748098838760e+00,2.505471574188961270e+00,2.160330668335315174e+00,1.899435788461545815e+00,1.690099204648914055e+00,1.511914739827733056e+00,1.352993774338237642e+00
1.250185102977706242e+00,1.111016326079554029e+00,9.767448721506344356e-01,8.456060175094599618e-01,7.164598516661903060e-01,5.885872654811021842e-01,4.615519105122311005e-01,3.351018612618952841e-01,2.091038084996339752e-01,8.350571375520063344e-02,-4.167877468112489436e-02,-1.663719222657894237e-01,-2.904242414876255229e-01,-4.135960501189761551e-01,-5.355196623034941261e-01,-6.556266782355381073e-01,-7.730146564188634661e-01,-8.862030063990447015e-01,-9.926652663244075470e-01,-1.087869208267155052e+00,-1.163159322095125292e+00,-1.200761676089598495e+00,-1.161787178120871067e+00,-9.665854783175226173e-01,-5.613379829008672273e-01,-1.828178888000170921e-01,-1.894425030557798581e-02,5.254630670659680286e-03,-3.713165560476364840e-02,-1.116964126794748324e-01,-2.029796612268034706e-01,-3.039188519513608688e-01,-4.114091693407992967e-01,-5.243902335237912160e-01,-6.430250902113042732e-01,-7.684229401708757567e-01,-9.027180676917540003e-01,-1.049531048179803250e+00,-1.215084120671280798e+00,-1.410710387875304894e+00,-1.658462140489215031e+00,-2.001917497114236610e+00,-2.505924979085525361e+00,-3.141592653582727657e+00,2.593287730850333261e+00,2.214380456931115404e+00,1.944715397213868879e+00,1.733887682983617839e+00,1.555768546017070930e+00,1.396983879565873332e+00,1.250185102977704243e+00
1.148437350980129112e+00,1.016180228115662443e+00,8.863059513690967339e-01,7.579610950384461088e-01,6.305891904334550713e-01,5.038394067262389475e-01,3.775010140204608788e-01,2.514529022671350700e-01,1.256289778199685681e-01,6.059004191842573135e-13,-1.254319961186992072e-01,-2.506327847703223033e-01,-3.755326187910669189e-01,-5.000196411552343401e-01,-6.239241705225607726e-01,-7.469848395513064565e-01,-8.687849552177997481e-01,-9.886387725759595568e-01,-1.105379221110846188e+00,-1.216924014864165127e+00,-1.319301593092057301e+00,-1.404232999364195100e+00,-1.452239110550999746e+00,-1.408977256524357680e+00,-1.099176493925422271e+00,-3.491906028854524502e-01,8.990916956873667987e-02,1.828178888018088255e-01,1.574752430764143618e-01,8.736709501315169379e-02,-2.984407334991273555e-03,-1.040902829082285264e-01,-2.120612764028966257e-01,-3.254616309471813906e-01,-4.441473161057283847e-01,-5.689028592122018502e-01,-7.015443768304640004e-01,-8.455477809412800250e-01,-1.007763677273594727e+00,-1.203204963124545834e+00,-1.470444877183062937e+00,-1.926839516956182496e+00,-2.808023080369686841e+00,2.633149377342559827e+00,2.201615946861199991e+00,1.940317010849934798e+00,1.743810338630803924e+00,1.577045244251893186e+00,1.426084984673736678e+00,1.284383134616519317e+00,1.148437350980126448e+00
1.047192036683040506e+00,9.215272218498602452e-01,7.958688797859793107e-01,6.702115297262308813e-01,5.445489018427805972e-01,4.188805277545121775e-01,2.932114597554141278e-01,1.675466386988041512e-01,4.188636460675576600e-02,-8.377319145955980373e-02,-2.094358351887740388e-01,-3.351018612606724845e-01,-4.607683298984096010e-01,-5.864325112718278277e-01,-7.120948680402496844e-01,-8.377582497243583060e-01,-9.634237658762683232e-01,-1.089087966339073343e+00,-1.214746050695113100e+00,-1.340400040589974751e+00,-1.466063009103261594e+00,-1.591749215546059748e+00,-1.717452013228555341e+00,-1.843128912215992843e+00,-1.968696806114655473e+00,-3.441275403264082938e-10,9.214135638747443791e-01,7.958828426958960423e-01,6.702411257531780686e-01,5.445573083476067389e-01,4.188744388468393920e-01,2.932072933731377229e-01,1.675490709789870802e-01,4.188992723527506373e-02,-8.377294677568340731e-02,-2.094374910021201408e-01,-3.351023398724365943e-01,-4.607681916939592726e-01,-5.864350715711962314e-01,-7.121001458615686674e-01,-8.377587058619181404e-01,-9.634009459301652312e-01,2.052461402250675082e+00,1.926839516967931987e+00,1.801180380771508105e+00,1.675516062237522474e+00,1.549853237032205788e+00,1.424192587483537054e+00,1.298529750648419245e+00,1.172861732980805982e+00,1.047192036683038729e+00
